USE sql_portfolio_shop;

-- users
INSERT INTO users (user_id, first_name, last_name, registration_date, channel, country) VALUES
(1,'Name1','Surname1','2025-09-21 15:08:00','email','US'),
(2,'Name2','Surname2','2025-09-06 04:17:00','organic','PL'),
(3,'Name3','Surname3','2025-10-08 11:58:00','ads','US'),
(4,'Name4','Surname4','2025-09-07 00:48:00','email','US'),
(5,'Name5','Surname5','2025-09-16 13:05:00','email','US'),
(6,'Name6','Surname6','2025-10-24 05:18:00','organic','DE'),
(7,'Name7','Surname7','2025-10-12 07:24:00','organic','ES'),
(8,'Name8','Surname8','2025-10-08 23:32:00','organic','DE'),
(9,'Name9','Surname9','2025-09-04 05:00:00','ads','PL'),
(10,'Name10','Surname10','2025-09-27 14:55:00','organic','ES'),
(11,'Name11','Surname11','2025-09-21 05:07:00','ads','US'),
(12,'Name12','Surname12','2025-10-09 05:29:00','ads','PL'),
(13,'Name13','Surname13','2025-09-08 04:41:00','organic','ES'),
(14,'Name14','Surname14','2025-09-05 07:07:00','ads','FR'),
(15,'Name15','Surname15','2025-10-15 04:08:00','email','PL'),
(16,'Name16','Surname16','2025-10-01 05:59:00','email','PL'),
(17,'Name17','Surname17','2025-09-20 18:28:00','ads','DE'),
(18,'Name18','Surname18','2025-09-07 05:36:00','referral','ES'),
(19,'Name19','Surname19','2025-10-02 21:43:00','email','PL'),
(20,'Name20','Surname20','2025-10-09 12:29:00','organic','ES'),
(21,'Name21','Surname21','2025-09-27 15:37:00','referral','DE'),
(22,'Name22','Surname22','2025-10-31 02:41:00','email','US'),
(23,'Name23','Surname23','2025-10-13 12:38:00','referral','PL'),
(24,'Name24','Surname24','2025-10-15 21:57:00','email','ES'),
(25,'Name25','Surname25','2025-10-23 01:34:00','organic','US'),
(26,'Name26','Surname26','2025-10-31 19:12:00','email','US'),
(27,'Name27','Surname27','2025-09-05 09:56:00','referral','ES'),
(28,'Name28','Surname28','2025-10-15 01:12:00','referral','FR'),
(29,'Name29','Surname29','2025-10-28 08:49:00','referral','US'),
(30,'Name30','Surname30','2025-11-01 01:45:00','referral','DE'),
(31,'Name31','Surname31','2025-10-10 13:59:00','email','US'),
(32,'Name32','Surname32','2025-09-14 19:48:00','ads','DE'),
(33,'Name33','Surname33','2025-09-26 23:20:00','email','US'),
(34,'Name34','Surname34','2025-09-12 01:19:00','email','ES'),
(35,'Name35','Surname35','2025-09-18 14:40:00','email','ES'),
(36,'Name36','Surname36','2025-09-19 00:10:00','referral','FR'),
(37,'Name37','Surname37','2025-09-15 15:09:00','organic','DE'),
(38,'Name38','Surname38','2025-09-10 17:55:00','ads','US'),
(39,'Name39','Surname39','2025-10-03 06:06:00','ads','PL'),
(40,'Name40','Surname40','2025-09-19 10:08:00','ads','FR');

-- products
INSERT INTO products (product_id, product_name, category, price) VALUES
(1,'Wireless Mouse','Electronics',19.99),
(2,'Mechanical Keyboard','Electronics',79.99),
(3,'USB-C Cable 2m','Electronics',9.99),
(4,'Reusable Water Bottle','Home',14.50),
(5,'Yoga Mat','Sports',24.00),
(6,'Notebook A5','Stationery',4.90),
(7,'Desk Lamp','Home',29.90),
(8,'Running Socks (3-pack)','Sports',12.00),
(9,'Coffee Beans 1kg','Grocery',21.50),
(10,'Green Tea 200g','Grocery',8.20);

-- orders
INSERT INTO orders (order_id, user_id, created_at, status) VALUES
(1001,35,'2025-09-19 08:49:00','shipped'),
(1002,24,'2025-11-01 09:35:00','paid'),
(1003,24,'2025-11-15 07:02:00','paid'),
(1004,24,'2025-11-08 02:41:00','shipped'),
(1005,37,'2025-10-19 03:07:00','paid'),
(1006,21,'2025-10-13 04:24:00','refunded'),
(1007,9,'2025-09-05 13:30:00','paid'),
(1008,33,'2025-10-09 09:33:00','shipped'),
(1009,33,'2025-10-08 13:10:00','shipped'),
(1010,4,'2025-09-17 05:56:00','paid'),
(1011,30,'2025-12-12 05:18:00','cancelled'),
(1012,30,'2025-11-17 08:03:00','shipped'),
(1013,30,'2025-12-08 18:11:00','refunded'),
(1014,26,'2025-11-11 23:42:00','shipped'),
(1015,13,'2025-10-11 22:11:00','cancelled'),
(1016,13,'2025-09-25 06:30:00','paid'),
(1017,31,'2025-11-18 06:11:00','shipped'),
(1018,31,'2025-11-14 20:52:00','paid'),
(1019,40,'2025-10-16 12:21:00','shipped'),
(1020,34,'2025-10-11 09:06:00','created'),
(1021,16,'2025-10-26 16:25:00','paid'),
(1022,16,'2025-11-15 06:23:00','paid'),
(1023,38,'2025-09-12 23:12:00','cancelled'),
(1024,29,'2025-11-01 07:00:00','paid'),
(1025,2,'2025-09-12 00:11:00','paid'),
(1026,7,'2025-11-20 11:26:00','shipped'),
(1027,3,'2025-10-20 21:38:00','paid'),
(1028,23,'2025-10-14 20:40:00','paid'),
(1029,15,'2025-11-18 16:40:00','paid'),
(1030,15,'2025-11-30 03:48:00','paid'),
(1031,6,'2025-10-27 08:00:00','refunded'),
(1032,28,'2025-10-15 09:35:00','created'),
(1033,28,'2025-10-15 11:36:00','paid'),
(1034,11,'2025-09-30 17:44:00','paid'),
(1035,39,'2025-11-05 10:48:00','created'),
(1036,39,'2025-11-17 22:46:00','paid');

-- order_items
INSERT INTO order_items (order_item_id, order_id, product_id, quantity, unit_price) VALUES
(5001,1001,10,1,8.20),
(5002,1001,1,1,19.99),
(5003,1002,2,2,79.99),
(5004,1003,5,1,24.00),
(5005,1003,8,1,12.00),
(5006,1004,9,1,21.50),
(5007,1005,9,1,21.50),
(5008,1006,9,2,21.50),
(5009,1007,6,1,4.90),
(5010,1007,8,1,12.00),
(5011,1007,10,1,8.20),
(5012,1008,1,1,19.99),
(5013,1008,8,1,12.00),
(5014,1008,6,2,4.90),
(5015,1009,7,2,29.90),
(5016,1010,8,1,12.00),
(5017,1010,3,1,9.99),
(5018,1010,10,1,8.20),
(5019,1011,7,1,29.90),
(5020,1012,6,1,4.90),
(5021,1012,5,1,24.00),
(5022,1012,7,1,29.90),
(5023,1013,3,1,9.99),
(5024,1013,9,2,21.50),
(5025,1013,10,1,8.20),
(5026,1014,9,1,21.50),
(5027,1015,9,1,21.50),
(5028,1016,9,1,21.50),
(5029,1016,1,2,19.99),
(5030,1017,9,2,21.50),
(5031,1017,10,1,8.20),
(5032,1018,2,2,79.99),
(5033,1018,7,1,29.90),
(5034,1019,3,1,9.99),
(5035,1020,8,1,12.00),
(5036,1020,3,1,9.99),
(5037,1021,2,1,79.99),
(5038,1021,6,1,4.90),
(5039,1022,5,1,24.00),
(5040,1022,9,1,21.50),
(5041,1022,2,1,79.99),
(5042,1023,5,1,24.00),
(5043,1023,7,2,29.90),
(5044,1024,5,1,24.00),
(5045,1025,2,1,79.99),
(5046,1025,8,1,12.00),
(5047,1026,2,1,79.99),
(5048,1027,5,2,24.00),
(5049,1028,9,1,21.50),
(5050,1028,4,2,14.50),
(5051,1028,8,1,12.00),
(5052,1029,4,1,14.50),
(5053,1030,1,1,19.99),
(5054,1030,3,1,9.99),
(5055,1031,5,1,24.00),
(5056,1031,4,2,14.50),
(5057,1031,10,1,8.20),
(5058,1032,6,1,4.90),
(5059,1032,4,1,14.50),
(5060,1032,1,1,19.99),
(5061,1033,9,1,21.50),
(5062,1033,4,1,14.50),
(5063,1034,5,1,24.00),
(5064,1035,7,1,29.90),
(5065,1035,6,1,4.90),
(5066,1035,8,1,12.00),
(5067,1036,3,1,9.99),
(5068,1036,9,1,21.50),
(5069,1036,1,1,19.99);

-- payments
INSERT INTO payments (payment_id, order_id, amount, paid_at, method, status) VALUES
(8001,1001,28.19,'2025-09-19 09:09:00','bank_transfer','success'),
(8002,1002,159.98,'2025-11-01 10:37:00','bank_transfer','success'),
(8003,1003,36.00,'2025-11-15 08:10:00','apple_pay','success'),
(8004,1004,21.50,'2025-11-08 04:11:00','card','success'),
(8005,1005,21.50,'2025-10-19 04:26:00','apple_pay','success'),
(8006,1006,43.00,'2025-10-13 05:58:00','google_pay','refunded'),
(8007,1007,25.10,'2025-09-05 14:00:00','card','success'),
(8008,1008,41.79,'2025-10-09 10:35:00','apple_pay','success'),
(8009,1009,59.80,'2025-10-08 14:46:00','bank_transfer','success'),
(8010,1010,30.19,'2025-09-17 05:58:00','card','success'),
(8011,1011,29.90,NULL,'apple_pay','failed'),
(8012,1012,58.80,'2025-11-17 09:28:00','bank_transfer','success'),
(8013,1013,61.19,'2025-12-08 19:51:00','card','refunded'),
(8014,1014,21.50,'2025-11-12 01:10:00','google_pay','success'),
(8015,1015,21.50,NULL,'apple_pay','failed'),
(8016,1016,61.48,'2025-09-25 07:49:00','google_pay','success'),
(8017,1017,51.20,'2025-11-18 08:10:00','google_pay','success'),
(8018,1018,189.88,'2025-11-14 22:18:00','card','success'),
(8019,1019,9.99,'2025-10-16 12:54:00','apple_pay','success'),
(8020,1020,21.99,NULL,'bank_transfer','failed'),
(8021,1021,84.89,'2025-10-26 17:22:00','bank_transfer','success'),
(8022,1022,125.49,'2025-11-15 06:57:00','card','success'),
(8023,1023,83.80,NULL,'google_pay','failed'),
(8024,1024,24.00,'2025-11-01 08:43:00','card','success'),
(8025,1025,91.99,'2025-09-12 02:10:00','bank_transfer','success'),
(8026,1026,79.99,'2025-11-20 11:33:00','google_pay','success'),
(8027,1027,48.00,'2025-10-20 22:13:00','apple_pay','success'),
(8028,1028,62.50,'2025-10-14 22:05:00','bank_transfer','success'),
(8029,1029,14.50,'2025-11-18 18:27:00','apple_pay','success'),
(8030,1030,29.98,'2025-11-30 04:44:00','google_pay','success'),
(8031,1031,61.20,'2025-10-27 08:35:00','apple_pay','refunded'),
(8032,1032,39.39,NULL,'apple_pay','failed'),
(8033,1033,36.00,'2025-10-15 12:10:00','card','success'),
(8034,1034,24.00,'2025-09-30 17:55:00','apple_pay','success'),
(8035,1035,46.80,NULL,'card','failed'),
(8036,1036,51.48,'2025-11-17 23:04:00','card','success');

-- web_events
INSERT INTO web_events (event_id, user_id, session_id, event_time, event_name, product_id) VALUES
(9001,1,'s1_1','2025-09-28 04:01:00','visit',NULL),
(9002,1,'s1_1','2025-09-28 04:03:00','view_product',1),
(9003,1,'s1_2','2025-10-22 23:08:00','visit',NULL),
(9004,1,'s1_2','2025-10-22 23:10:00','view_product',2),
(9005,2,'s2_1','2025-09-11 04:04:00','visit',NULL),
(9006,2,'s2_1','2025-09-11 04:06:00','view_product',2),
(9007,2,'s2_1','2025-09-11 04:12:00','checkout',NULL),
(9008,2,'s2_2','2025-09-21 03:58:00','visit',NULL),
(9009,2,'s2_2','2025-09-21 04:03:00','add_to_cart',7),
(9010,2,'s2_2','2025-09-21 04:06:00','checkout',NULL),
(9011,2,'s2_3','2025-09-24 05:56:00','visit',NULL),
(9012,2,'s2_3','2025-09-24 05:58:00','view_product',4),
(9013,2,'s2_3','2025-09-24 06:01:00','add_to_cart',3),
(9014,2,'s2_3','2025-09-24 06:04:00','checkout',NULL),
(9015,3,'s3_1','2025-11-17 06:06:00','visit',NULL),
(9016,3,'s3_1','2025-11-17 06:08:00','view_product',1),
(9017,3,'s3_1','2025-11-17 06:11:00','add_to_cart',2),
(9018,3,'s3_2','2025-10-27 10:31:00','visit',NULL),
(9019,3,'s3_2','2025-10-27 10:33:00','view_product',8),
(9020,3,'s3_2','2025-10-27 10:36:00','add_to_cart',2),
(9021,4,'s4_1','2025-09-12 15:49:00','visit',NULL),
(9022,4,'s4_1','2025-09-12 15:51:00','view_product',2),
(9023,4,'s4_2','2025-09-24 13:01:00','visit',NULL),
(9024,4,'s4_2','2025-09-24 13:09:00','checkout',NULL),
(9025,4,'s4_2','2025-09-24 13:11:00','purchase',NULL),
(9026,5,'s5_1','2025-10-03 00:13:00','visit',NULL),
(9027,5,'s5_1','2025-10-03 00:15:00','view_product',9),
(9028,5,'s5_1','2025-10-03 00:18:00','add_to_cart',2),
(9029,5,'s5_1','2025-10-03 00:23:00','purchase',NULL),
(9030,5,'s5_2','2025-10-18 01:06:00','visit',NULL),
(9031,5,'s5_2','2025-10-18 01:08:00','view_product',8),
(9032,5,'s5_3','2025-10-13 00:29:00','visit',NULL),
(9033,5,'s5_3','2025-10-13 00:31:00','view_product',6),
(9034,5,'s5_3','2025-10-13 00:34:00','add_to_cart',6),
(9035,5,'s5_3','2025-10-13 00:39:00','purchase',NULL),
(9036,6,'s6_1','2025-12-08 06:15:00','visit',NULL),
(9037,6,'s6_1','2025-12-08 06:17:00','view_product',5),
(9038,6,'s6_1','2025-12-08 06:20:00','add_to_cart',7),
(9039,6,'s6_1','2025-12-08 06:23:00','checkout',NULL),
(9040,7,'s7_1','2025-11-04 21:12:00','visit',NULL),
(9041,7,'s7_1','2025-11-04 21:14:00','view_product',1),
(9042,7,'s7_1','2025-11-04 21:17:00','add_to_cart',1),
(9043,8,'s8_1','2025-10-24 07:59:00','visit',NULL),
(9044,8,'s8_1','2025-10-24 08:01:00','view_product',4),
(9045,9,'s9_1','2025-10-14 17:58:00','visit',NULL),
(9046,9,'s9_1','2025-10-14 18:06:00','checkout',NULL),
(9047,9,'s9_1','2025-10-14 18:08:00','purchase',NULL),
(9048,10,'s10_1','2025-10-26 10:43:00','visit',NULL),
(9049,10,'s10_1','2025-10-26 10:45:00','view_product',5),
(9050,10,'s10_1','2025-10-26 10:48:00','add_to_cart',9),
(9051,10,'s10_1','2025-10-26 10:51:00','checkout',NULL),
(9052,10,'s10_2','2025-10-19 00:14:00','visit',NULL),
(9053,10,'s10_2','2025-10-19 00:16:00','view_product',5),
(9054,10,'s10_2','2025-10-19 00:19:00','add_to_cart',4),
(9055,10,'s10_2','2025-10-19 00:22:00','checkout',NULL),
(9056,11,'s11_1','2025-09-28 10:48:00','visit',NULL),
(9057,11,'s11_1','2025-09-28 10:50:00','view_product',4),
(9058,11,'s11_1','2025-09-28 10:53:00','add_to_cart',8),
(9059,11,'s11_2','2025-10-12 19:34:00','visit',NULL),
(9060,11,'s11_2','2025-10-12 19:36:00','view_product',4),
(9061,11,'s11_2','2025-10-12 19:39:00','add_to_cart',3),
(9062,11,'s11_2','2025-10-12 19:42:00','checkout',NULL),
(9063,11,'s11_2','2025-10-12 19:44:00','purchase',NULL),
(9064,12,'s12_1','2025-11-01 14:20:00','visit',NULL),
(9065,12,'s12_1','2025-11-01 14:22:00','view_product',1),
(9066,13,'s13_1','2025-09-21 16:58:00','visit',NULL),
(9067,13,'s13_1','2025-09-21 17:00:00','view_product',1),
(9068,13,'s13_1','2025-09-21 17:03:00','add_to_cart',10),
(9069,13,'s13_1','2025-09-21 17:08:00','purchase',NULL),
(9070,13,'s13_2','2025-10-10 21:21:00','visit',NULL),
(9071,13,'s13_2','2025-10-10 21:23:00','view_product',4),
(9072,13,'s13_2','2025-10-10 21:26:00','add_to_cart',4),
(9073,13,'s13_2','2025-10-10 21:29:00','checkout',NULL),
(9074,13,'s13_3','2025-10-05 14:35:00','visit',NULL),
(9075,13,'s13_3','2025-10-05 14:37:00','view_product',1),
(9076,13,'s13_3','2025-10-05 14:40:00','add_to_cart',7),
(9077,14,'s14_1','2025-10-12 22:07:00','visit',NULL),
(9078,14,'s14_1','2025-10-12 22:09:00','view_product',9),
(9079,14,'s14_1','2025-10-12 22:17:00','purchase',NULL),
(9080,14,'s14_2','2025-09-11 14:16:00','visit',NULL),
(9081,14,'s14_2','2025-09-11 14:18:00','view_product',2),
(9082,15,'s15_1','2025-10-20 21:57:00','visit',NULL),
(9083,15,'s15_1','2025-10-20 21:59:00','view_product',3),
(9084,15,'s15_1','2025-10-20 22:02:00','add_to_cart',1),
(9085,15,'s15_2','2025-10-24 00:24:00','visit',NULL),
(9086,15,'s15_2','2025-10-24 00:26:00','view_product',7),
(9087,15,'s15_2','2025-10-24 00:32:00','checkout',NULL),
(9088,15,'s15_2','2025-10-24 00:34:00','purchase',NULL),
(9089,16,'s16_1','2025-11-07 12:23:00','visit',NULL),
(9090,16,'s16_1','2025-11-07 12:25:00','view_product',10),
(9091,16,'s16_1','2025-11-07 12:28:00','add_to_cart',9),
(9092,16,'s16_1','2025-11-07 12:31:00','checkout',NULL),
(9093,16,'s16_2','2025-10-22 02:52:00','visit',NULL),
(9094,16,'s16_2','2025-10-22 02:57:00','add_to_cart',4),
(9095,16,'s16_2','2025-10-22 03:02:00','purchase',NULL),
(9096,16,'s16_3','2025-10-28 04:40:00','visit',NULL),
(9097,16,'s16_3','2025-10-28 04:42:00','view_product',1),
(9098,16,'s16_3','2025-10-28 04:45:00','add_to_cart',7),
(9099,16,'s16_3','2025-10-28 04:48:00','checkout',NULL),
(9100,16,'s16_3','2025-10-28 04:50:00','purchase',NULL),
(9101,17,'s17_1','2025-10-14 01:59:00','visit',NULL),
(9102,17,'s17_1','2025-10-14 02:01:00','view_product',6),
(9103,17,'s17_1','2025-10-14 02:07:00','checkout',NULL),
(9104,17,'s17_2','2025-09-21 04:15:00','visit',NULL),
(9105,17,'s17_2','2025-09-21 04:17:00','view_product',2),
(9106,17,'s17_2','2025-09-21 04:20:00','add_to_cart',4),
(9107,17,'s17_2','2025-09-21 04:23:00','checkout',NULL),
(9108,18,'s18_1','2025-10-06 12:52:00','visit',NULL),
(9109,18,'s18_1','2025-10-06 12:54:00','view_product',5),
(9110,18,'s18_1','2025-10-06 12:57:00','add_to_cart',10),
(9111,18,'s18_1','2025-10-06 13:02:00','purchase',NULL),
(9112,19,'s19_1','2025-11-03 11:41:00','visit',NULL),
(9113,19,'s19_1','2025-11-03 11:43:00','view_product',10),
(9114,19,'s19_1','2025-11-03 11:46:00','add_to_cart',7),
(9115,19,'s19_1','2025-11-03 11:49:00','checkout',NULL),
(9116,19,'s19_1','2025-11-03 11:51:00','purchase',NULL),
(9117,20,'s20_1','2025-10-19 01:32:00','visit',NULL),
(9118,20,'s20_1','2025-10-19 01:34:00','view_product',3),
(9119,20,'s20_1','2025-10-19 01:37:00','add_to_cart',6),
(9120,20,'s20_2','2025-10-19 22:41:00','visit',NULL),
(9121,20,'s20_2','2025-10-19 22:43:00','view_product',9),
(9122,20,'s20_2','2025-10-19 22:49:00','checkout',NULL),
(9123,20,'s20_3','2025-11-02 23:50:00','visit',NULL),
(9124,20,'s20_3','2025-11-02 23:52:00','view_product',2),
(9125,20,'s20_3','2025-11-02 23:55:00','add_to_cart',5),
(9126,20,'s20_3','2025-11-02 23:58:00','checkout',NULL),
(9127,21,'s21_1','2025-11-01 22:01:00','visit',NULL),
(9128,21,'s21_1','2025-11-01 22:03:00','view_product',5),
(9129,21,'s21_1','2025-11-01 22:11:00','purchase',NULL),
(9130,22,'s22_1','2025-11-12 14:15:00','visit',NULL),
(9131,22,'s22_1','2025-11-12 14:20:00','add_to_cart',6),
(9132,22,'s22_2','2025-12-10 15:56:00','visit',NULL),
(9133,22,'s22_2','2025-12-10 15:58:00','view_product',7),
(9134,22,'s22_2','2025-12-10 16:01:00','add_to_cart',1),
(9135,23,'s23_1','2025-10-29 19:25:00','visit',NULL),
(9136,23,'s23_1','2025-10-29 19:27:00','view_product',10),
(9137,23,'s23_1','2025-10-29 19:30:00','add_to_cart',5),
(9138,23,'s23_1','2025-10-29 19:33:00','checkout',NULL),
(9139,24,'s24_1','2025-11-01 21:42:00','visit',NULL),
(9140,24,'s24_1','2025-11-01 21:44:00','view_product',5),
(9141,24,'s24_1','2025-11-01 21:47:00','add_to_cart',10),
(9142,25,'s25_1','2025-10-24 08:40:00','visit',NULL),
(9143,25,'s25_1','2025-10-24 08:42:00','view_product',8),
(9144,25,'s25_1','2025-10-24 08:48:00','checkout',NULL),
(9145,25,'s25_1','2025-10-24 08:50:00','purchase',NULL),
(9146,26,'s26_1','2025-12-02 00:11:00','visit',NULL),
(9147,26,'s26_1','2025-12-02 00:13:00','view_product',1),
(9148,26,'s26_2','2025-11-10 14:27:00','visit',NULL),
(9149,26,'s26_2','2025-11-10 14:29:00','view_product',6),
(9150,26,'s26_2','2025-11-10 14:32:00','add_to_cart',10),
(9151,26,'s26_2','2025-11-10 14:35:00','checkout',NULL),
(9152,26,'s26_2','2025-11-10 14:37:00','purchase',NULL),
(9153,27,'s27_1','2025-09-20 23:00:00','visit',NULL),
(9154,27,'s27_1','2025-09-20 23:02:00','view_product',8),
(9155,27,'s27_1','2025-09-20 23:08:00','checkout',NULL),
(9156,28,'s28_1','2025-10-19 09:51:00','visit',NULL),
(9157,28,'s28_1','2025-10-19 09:53:00','view_product',2),
(9158,28,'s28_1','2025-10-19 09:56:00','add_to_cart',8),
(9159,28,'s28_1','2025-10-19 09:59:00','checkout',NULL),
(9160,28,'s28_1','2025-10-19 10:01:00','purchase',NULL),
(9161,29,'s29_1','2025-12-07 06:04:00','visit',NULL),
(9162,29,'s29_1','2025-12-07 06:06:00','view_product',2),
(9163,29,'s29_1','2025-12-07 06:12:00','checkout',NULL),
(9164,29,'s29_1','2025-12-07 06:14:00','purchase',NULL),
(9165,29,'s29_2','2025-11-14 20:05:00','visit',NULL),
(9166,29,'s29_2','2025-11-14 20:07:00','view_product',4),
(9167,29,'s29_2','2025-11-14 20:10:00','add_to_cart',3),
(9168,29,'s29_2','2025-11-14 20:13:00','checkout',NULL),
(9169,29,'s29_2','2025-11-14 20:15:00','purchase',NULL),
(9170,30,'s30_1','2025-11-13 11:49:00','visit',NULL),
(9171,30,'s30_1','2025-11-13 11:51:00','view_product',4),
(9172,30,'s30_1','2025-11-13 11:54:00','add_to_cart',4),
(9173,30,'s30_1','2025-11-13 11:59:00','purchase',NULL),
(9174,30,'s30_2','2025-11-30 02:51:00','visit',NULL),
(9175,30,'s30_2','2025-11-30 02:53:00','view_product',4),
(9176,30,'s30_2','2025-11-30 03:01:00','purchase',NULL),
(9177,30,'s30_3','2025-11-19 08:52:00','visit',NULL),
(9178,30,'s30_3','2025-11-19 08:54:00','view_product',10),
(9179,31,'s31_1','2025-11-11 19:27:00','visit',NULL),
(9180,31,'s31_1','2025-11-11 19:29:00','view_product',1),
(9181,31,'s31_1','2025-11-11 19:32:00','add_to_cart',10),
(9182,31,'s31_2','2025-10-13 01:20:00','visit',NULL),
(9183,31,'s31_2','2025-10-13 01:22:00','view_product',4),
(9184,31,'s31_2','2025-10-13 01:28:00','checkout',NULL),
(9185,32,'s32_1','2025-09-15 06:14:00','visit',NULL),
(9186,32,'s32_1','2025-09-15 06:16:00','view_product',3),
(9187,32,'s32_1','2025-09-15 06:22:00','checkout',NULL),
(9188,32,'s32_1','2025-09-15 06:24:00','purchase',NULL),
(9189,33,'s33_1','2025-11-01 14:24:00','visit',NULL),
(9190,33,'s33_1','2025-11-01 14:26:00','view_product',7),
(9191,33,'s33_1','2025-11-01 14:32:00','checkout',NULL),
(9192,33,'s33_2','2025-11-07 04:45:00','visit',NULL),
(9193,33,'s33_2','2025-11-07 04:47:00','view_product',7),
(9194,34,'s34_1','2025-10-02 00:55:00','visit',NULL),
(9195,34,'s34_1','2025-10-02 01:00:00','add_to_cart',1),
(9196,35,'s35_1','2025-10-29 21:05:00','visit',NULL),
(9197,35,'s35_1','2025-10-29 21:07:00','view_product',4),
(9198,35,'s35_1','2025-10-29 21:15:00','purchase',NULL),
(9199,35,'s35_2','2025-09-25 17:05:00','visit',NULL),
(9200,35,'s35_2','2025-09-25 17:07:00','view_product',6),
(9201,35,'s35_2','2025-09-25 17:10:00','add_to_cart',3),
(9202,35,'s35_2','2025-09-25 17:13:00','checkout',NULL),
(9203,35,'s35_2','2025-09-25 17:15:00','purchase',NULL),
(9204,36,'s36_1','2025-10-30 12:15:00','visit',NULL),
(9205,36,'s36_1','2025-10-30 12:17:00','view_product',6),
(9206,36,'s36_1','2025-10-30 12:23:00','checkout',NULL),
(9207,37,'s37_1','2025-10-18 21:08:00','visit',NULL),
(9208,37,'s37_1','2025-10-18 21:10:00','view_product',7),
(9209,37,'s37_1','2025-10-18 21:13:00','add_to_cart',4),
(9210,37,'s37_1','2025-10-18 21:16:00','checkout',NULL),
(9211,38,'s38_1','2025-10-11 03:58:00','visit',NULL),
(9212,38,'s38_1','2025-10-11 04:00:00','view_product',7),
(9213,38,'s38_1','2025-10-11 04:03:00','add_to_cart',10),
(9214,39,'s39_1','2025-11-11 18:45:00','visit',NULL),
(9215,39,'s39_1','2025-11-11 18:47:00','view_product',8),
(9216,39,'s39_1','2025-11-11 18:50:00','add_to_cart',4),
(9217,39,'s39_1','2025-11-11 18:53:00','checkout',NULL),
(9218,40,'s40_1','2025-10-13 21:15:00','visit',NULL),
(9219,40,'s40_1','2025-10-13 21:17:00','view_product',4),
(9220,40,'s40_1','2025-10-13 21:20:00','add_to_cart',9);

-- departments
INSERT INTO departments (dept_id, department) VALUES
(1,'Marketing'),(2,'Analytics'),(3,'Operations'),(4,'Customer Support');

-- employees
INSERT INTO employees (emp_no, first_name, last_name, salary, dept_id) VALUES
(10001,'Anna','Ivanova',120000,2),
(10002,'Petr','Smirnov',90000,2),
(10003,'Olga','Petrova',110000,1),
(10004,'Ilya','Sokolov',95000,1),
(10005,'Daria','Kuznetsova',80000,4),
(10006,'Max','Volkov',85000,4),
(10007,'Sergey','Orlov',105000,3),
(10008,'Maria','Lebedeva',99000,3);